{"best_fitnesses": [39.0, 70.0, 68.0, 68.0, 96.0, 54.0, 95.0, 115.0, 116.0, 115.0, 76.0, 119.0, 126.0, 74.0, 114.0, 114.0, 114.0], "worst_fitnesses": [25.0, 19.0, 45.0, 36.0, 29.0, 40.0, 30.0, 25.0, 29.0, 40.0, 29.0, 35.0, 27.0, 33.0, 18.0, 18.0, 19.0], "average_fitnesses": [32.233333333333334, 21.593333333333334, 50.17666666666667, 43.04333333333334, 34.57666666666667, 49.04333333333334, 38.69, 41.556666666666665, 52.693333333333335, 66.11333333333333, 46.93333333333333, 78.91, 67.39333333333333, 40.05, 53.5, 59.153333333333336, 66.77666666666667]}